,Department,Salary,Years_of_Experience
0,Finance,74000.0,8.0
1,HR,50000.0,4.142857142857143
2,IT,66714.28571428571,4.714285714285714
